M,i,s,s,i,n,g
M,i,s,s,i,n,g
M,i,s,s,i,n,g
M,i,s,s,i,n,g
M,i,s,s,i,n,g
M,i,s,s,i,n,g
M,i,s,s,i,n,g
M,i,s,s,i,n,g
M,i,s,s,i,n,g
M,i,s,s,i,n,g
M,i,s,s,i,n,g
A,t,h,e,n,s
A,t,h,e,n,s
A,t,h,e,n,s
A,t,h,e,n,s
A,t,h,e,n,s
A,t,h,e,n,s
A,t,h,e,n,s
A,t,h,e,n,s
A,t,h,e,n,s
A,t,h,e,n,s
A,t,h,e,n,s
A,t,h,e,n,s
A,t,h,e,n,s
A,t,h,e,n,s
A,t,h,e,n,s
A,t,h,e,n,s
A,t,h,e,n,s
A,t,h,e,n,s
A,t,h,e,n,s
A,t,h,e,n,s
A,t,h,e,n,s
A,t,h,e,n,s
A,t,h,e,n,s
A,t,h,e,n,s
A,t,h,e,n,s
A,t,h,e,n,s
A,t,h,e,n,s
A,t,h,e,n,s
A,t,h,e,n,s
A,t,h,e,n,s
A,t,h,e,n,s
A,t,h,e,n,s
A,t,h,e,n,s
A,t,h,e,n,s
A,t,h,e,n,s
A,t,h,e,n,s
A,t,h,e,n,s
A,t,h,e,n,s
A,t,h,e,n,s
A,t,h,e,n,s
A,t,h,e,n,s
A,t,h,e,n,s
A,t,h,e,n,s
A,t,h,e,n,s
A,t,h,e,n,s
A,t,h,e,n,s
A,t,h,e,n,s
A,t,h,e,n,s
A,t,h,e,n,s
A,t,h,e,n,s
A,t,h,e,n,s
A,t,h,e,n,s
A,t,h,e,n,s
A,t,h,e,n,s
A,t,h,e,n,s
A,t,h,e,n,s
A,t,h,e,n,s
A,t,h,e,n,s
A,t,h,e,n,s
A,t,h,e,n,s
A,t,h,e,n,s
A,t,h,e,n,s
A,t,h,e,n,s
A,t,h,e,n,s
A,t,h,e,n,s
A,t,h,e,n,s
A,t,h,e,n,s
A,t,h,e,n,s
A,t,h,e,n,s
A,t,h,e,n,s
A,t,h,e,n,s
A,t,h,e,n,s
A,t,h,e,n,s
A,t,h,e,n,s
A,t,h,e,n,s
A,t,h,e,n,s
A,t,h,e,n,s
A,t,h,e,n,s
A,t,h,e,n,s
A,t,h,e,n,s
A,t,h,e,n,s
A,t,h,e,n,s
A,t,h,e,n,s
A,t,h,e,n,s
A,t,h,e,n,s
A,t,h,e,n,s
A,t,h,e,n,s
A,t,h,e,n,s
A,t,h,e,n,s
A,t,h,e,n,s
A,t,h,e,n,s
A,t,h,e,n,s
A,t,h,e,n,s
A,t,h,e,n,s
A,t,h,e,n,s
A,t,h,e,n,s
A,t,h,e,n,s
A,t,h,e,n,s
A,t,h,e,n,s
A,t,h,e,n,s
A,t,h,e,n,s
A,t,h,e,n,s
A,t,h,e,n,s
A,t,h,e,n,s
A,t,h,e,n,s
A,t,h,e,n,s
A,t,h,e,n,s
A,t,h,e,n,s
A,t,h,e,n,s
A,t,h,e,n,s
A,t,h,e,n,s
A,t,h,e,n,s
A,t,h,e,n,s
A,t,h,e,n,s
A,t,h,e,n,s
A,t,h,e,n,s
A,t,h,e,n,s
A,t,h,e,n,s
A,t,h,e,n,s
A,t,h,e,n,s
A,t,h,e,n,s
A,t,h,e,n,s
A,t,h,e,n,s
A,t,h,e,n,s
A,t,h,e,n,s
A,t,h,e,n,s
A,t,h,e,n,s
A,t,h,e,n,s
A,t,h,e,n,s
A,t,h,e,n,s
A,t,h,e,n,s
A,t,h,e,n,s
A,t,h,e,n,s
A,t,h,e,n,s
A,t,h,e,n,s
A,t,h,e,n,s
A,t,h,e,n,s
A,t,h,e,n,s
A,t,h,e,n,s
A,t,h,e,n,s
A,t,h,e,n,s
A,t,h,e,n,s
A,t,h,e,n,s
A,t,h,e,n,s
A,t,h,e,n,s
A,t,h,e,n,s
A,t,h,e,n,s
A,t,h,e,n,s
A,t,h,e,n,s
A,t,h,e,n,s
A,t,h,e,n,s
A,t,h,e,n,s
A,t,h,e,n,s
A,t,h,e,n,s
A,t,h,e,n,s
A,t,h,e,n,s
A,t,h,e,n,s
A,t,h,e,n,s
A,t,h,e,n,s
A,t,h,e,n,s
A,t,h,e,n,s
A,t,h,e,n,s
A,t,h,e,n,s
A,t,h,e,n,s
A,t,h,e,n,s
A,t,h,e,n,s
A,t,h,e,n,s
A,t,h,e,n,s
A,t,h,e,n,s
A,t,h,e,n,s
A,t,h,e,n,s
A,t,h,e,n,s
A,t,h,e,n,s
A,t,h,e,n,s
A,t,h,e,n,s
A,t,h,e,n,s
A,t,h,e,n,s
A,t,h,e,n,s
A,t,h,e,n,s
A,t,h,e,n,s
A,t,h,e,n,s
A,t,h,e,n,s
A,t,h,e,n,s
A,t,h,e,n,s
A,t,h,e,n,s
A,t,h,e,n,s
A,t,h,e,n,s
A,t,h,e,n,s
A,t,h,e,n,s
A,t,h,e,n,s
A,t,h,e,n,s
A,t,h,e,n,s
A,t,h,e,n,s
A,t,h,e,n,s
A,t,h,e,n,s
A,t,h,e,n,s
A,t,h,e,n,s
A,t,h,e,n,s
A,t,h,e,n,s
A,t,h,e,n,s
A,t,h,e,n,s
A,t,h,e,n,s
A,t,h,e,n,s
A,t,h,e,n,s
A,t,h,e,n,s
A,t,h,e,n,s
A,t,h,e,n,s
A,t,h,e,n,s
A,t,h,e,n,s
A,t,h,e,n,s
A,t,h,e,n,s
A,t,h,e,n,s
A,t,h,e,n,s
A,t,h,e,n,s
A,t,h,e,n,s
A,t,h,e,n,s
A,t,h,e,n,s
A,t,h,e,n,s
A,t,h,e,n,s
A,t,h,e,n,s
A,t,h,e,n,s
A,t,h,e,n,s
A,t,h,e,n,s
A,t,h,e,n,s
A,t,h,e,n,s
A,t,h,e,n,s
A,t,h,e,n,s
A,t,h,e,n,s
A,t,h,e,n,s
A,t,h,e,n,s
A,t,h,e,n,s
A,t,h,e,n,s
A,t,h,e,n,s
A,t,h,e,n,s
A,t,h,e,n,s
A,t,h,e,n,s
A,t,h,e,n,s
A,t,h,e,n,s
A,t,h,e,n,s
A,t,h,e,n,s
A,t,h,e,n,s
A,t,h,e,n,s
A,t,h,e,n,s
A,t,h,e,n,s
A,t,h,e,n,s
A,t,h,e,n,s
A,t,h,e,n,s
A,t,h,e,n,s
A,t,h,e,n,s
A,t,h,e,n,s
A,t,h,e,n,s
A,t,h,e,n,s
A,t,h,e,n,s
A,t,h,e,n,s
A,t,h,e,n,s
A,t,h,e,n,s
A,t,h,e,n,s
A,t,h,e,n,s
A,t,h,e,n,s
A,t,h,e,n,s
A,t,h,e,n,s
A,t,h,e,n,s
A,t,h,e,n,s
A,t,h,e,n,s
A,t,h,e,n,s
A,t,h,e,n,s
A,t,h,e,n,s
A,t,h,e,n,s
A,t,h,e,n,s
A,t,h,e,n,s
A,t,h,e,n,s
A,t,h,e,n,s
A,t,h,e,n,s
A,t,h,e,n,s
A,t,h,e,n,s
A,t,h,e,n,s
A,t,h,e,n,s
A,t,h,e,n,s
A,t,h,e,n,s
A,t,h,e,n,s
A,t,h,e,n,s
A,t,h,e,n,s
A,t,h,e,n,s
A,t,h,e,n,s
A,t,h,e,n,s
A,t,h,e,n,s
A,t,h,e,n,s
A,t,h,e,n,s
A,t,h,e,n,s
A,t,h,e,n,s
A,t,h,e,n,s
A,t,h,e,n,s
A,t,h,e,n,s
A,t,h,e,n,s
A,t,h,e,n,s
A,t,h,e,n,s
A,t,h,e,n,s
A,t,h,e,n,s
A,t,h,e,n,s
A,t,h,e,n,s
A,t,h,e,n,s
A,t,h,e,n,s
A,t,h,e,n,s
A,t,h,e,n,s
A,t,h,e,n,s
A,t,h,e,n,s
A,t,h,e,n,s
A,t,h,e,n,s
A,t,h,e,n,s
A,t,h,e,n,s
A,t,h,e,n,s
A,t,h,e,n,s
A,t,h,e,n,s
A,t,h,e,n,s
A,t,h,e,n,s
A,t,h,e,n,s
A,t,h,e,n,s
A,t,h,e,n,s
A,t,h,e,n,s
A,t,h,e,n,s
A,t,h,e,n,s
A,t,h,e,n,s
A,t,h,e,n,s
A,t,h,e,n,s
A,t,h,e,n,s
A,t,h,e,n,s
A,t,h,e,n,s
A,t,h,e,n,s
A,t,h,e,n,s
A,t,h,e,n,s
A,t,h,e,n,s
A,t,h,e,n,s
A,t,h,e,n,s
A,t,h,e,n,s
A,t,h,e,n,s
A,t,h,e,n,s
A,t,h,e,n,s
A,t,h,e,n,s
A,t,h,e,n,s
A,t,h,e,n,s
A,t,h,e,n,s
A,t,h,e,n,s
A,t,h,e,n,s
A,t,h,e,n,s
A,t,h,e,n,s
A,t,h,e,n,s
A,t,h,e,n,s
A,t,h,e,n,s
A,t,h,e,n,s
A,t,h,e,n,s
A,t,h,e,n,s
A,t,h,e,n,s
A,t,h,e,n,s
A,t,h,e,n,s
A,t,h,e,n,s
A,t,h,e,n,s
A,t,h,e,n,s
A,t,h,e,n,s
A,t,h,e,n,s
A,t,h,e,n,s
A,t,h,e,n,s
A,t,h,e,n,s
A,t,h,e,n,s
A,t,h,e,n,s
A,t,h,e,n,s
A,t,h,e,n,s
A,t,h,e,n,s
A,t,h,e,n,s
A,t,h,e,n,s
A,t,h,e,n,s
A,t,h,e,n,s
A,t,h,e,n,s
A,t,h,e,n,s
A,t,h,e,n,s
A,t,h,e,n,s
A,t,h,e,n,s
A,t,h,e,n,s
A,t,h,e,n,s
A,t,h,e,n,s
A,t,h,e,n,s
A,t,h,e,n,s
A,t,h,e,n,s
A,t,h,e,n,s
A,t,h,e,n,s
A,t,h,e,n,s
A,t,h,e,n,s
A,t,h,e,n,s
A,t,h,e,n,s
A,t,h,e,n,s
A,t,h,e,n,s
A,t,h,e,n,s
A,t,h,e,n,s
A,t,h,e,n,s
A,t,h,e,n,s
A,t,h,e,n,s
A,t,h,e,n,s
A,t,h,e,n,s
A,t,h,e,n,s
A,t,h,e,n,s
A,t,h,e,n,s
A,t,h,e,n,s
A,t,h,e,n,s
A,t,h,e,n,s
A,t,h,e,n,s
A,t,h,e,n,s
A,t,h,e,n,s
A,t,h,e,n,s
A,t,h,e,n,s
A,t,h,e,n,s
A,t,h,e,n,s
A,t,h,e,n,s
A,t,h,e,n,s
A,t,h,e,n,s
A,t,h,e,n,s
A,t,h,e,n,s
A,t,h,e,n,s
A,t,h,e,n,s
A,t,h,e,n,s
A,t,h,e,n,s
A,t,h,e,n,s
A,t,h,e,n,s
A,t,h,e,n,s
A,t,h,e,n,s
A,t,h,e,n,s
A,t,h,e,n,s
A,t,h,e,n,s
A,t,h,e,n,s
A,t,h,e,n,s
A,t,h,e,n,s
A,t,h,e,n,s
A,t,h,e,n,s
A,t,h,e,n,s
A,t,h,e,n,s
A,t,h,e,n,s
A,t,h,e,n,s
A,t,h,e,n,s
A,t,h,e,n,s
A,t,h,e,n,s
A,t,h,e,n,s
A,t,h,e,n,s
A,t,h,e,n,s
A,t,h,e,n,s
A,t,h,e,n,s
A,t,h,e,n,s
A,t,h,e,n,s
A,t,h,e,n,s
A,t,h,e,n,s
A,t,h,e,n,s
A,t,h,e,n,s
A,t,h,e,n,s
A,t,h,e,n,s
A,t,h,e,n,s
A,t,h,e,n,s
A,t,h,e,n,s
A,t,h,e,n,s
A,t,h,e,n,s
A,t,h,e,n,s
A,t,h,e,n,s
A,t,h,e,n,s
A,t,h,e,n,s
A,t,h,e,n,s
A,t,h,e,n,s
A,t,h,e,n,s
A,t,h,e,n,s
A,t,h,e,n,s
A,t,h,e,n,s
A,t,h,e,n,s
A,t,h,e,n,s
A,t,h,e,n,s
A,t,h,e,n,s
A,t,h,e,n,s
A,t,h,e,n,s
A,t,h,e,n,s
A,t,h,e,n,s
A,t,h,e,n,s
A,t,h,e,n,s
A,t,h,e,n,s
A,t,h,e,n,s
A,t,h,e,n,s
A,t,h,e,n,s
A,t,h,e,n,s
A,t,h,e,n,s
A,t,h,e,n,s
A,t,h,e,n,s
A,t,h,e,n,s
A,t,h,e,n,s
A,t,h,e,n,s
A,t,h,e,n,s
A,t,h,e,n,s
A,t,h,e,n,s
A,t,h,e,n,s
A,t,h,e,n,s
A,t,h,e,n,s
A,t,h,e,n,s
A,t,h,e,n,s
A,t,h,e,n,s
A,t,h,e,n,s
A,t,h,e,n,s
A,t,h,e,n,s
A,t,h,e,n,s
A,t,h,e,n,s
A,t,h,e,n,s
A,t,h,e,n,s
A,t,h,e,n,s
A,t,h,e,n,s
A,t,h,e,n,s
A,t,h,e,n,s
A,t,h,e,n,s
A,t,h,e,n,s
A,t,h,e,n,s
A,t,h,e,n,s
A,t,h,e,n,s
A,t,h,e,n,s
A,t,h,e,n,s
A,t,h,e,n,s
A,t,h,e,n,s
A,t,h,e,n,s
A,t,h,e,n,s
A,t,h,e,n,s
A,t,h,e,n,s
A,t,h,e,n,s
A,t,h,e,n,s
A,t,h,e,n,s
A,t,h,e,n,s
A,t,h,e,n,s
A,t,h,e,n,s
A,t,h,e,n,s
A,t,h,e,n,s
A,t,h,e,n,s
A,t,h,e,n,s
A,t,h,e,n,s
A,t,h,e,n,s
A,t,h,e,n,s
A,t,h,e,n,s
A,t,h,e,n,s
A,t,h,e,n,s
A,t,h,e,n,s
A,t,h,e,n,s
A,t,h,e,n,s
A,t,h,e,n,s
A,t,h,e,n,s
A,t,h,e,n,s
A,t,h,e,n,s
A,t,h,e,n,s
A,t,h,e,n,s
A,t,h,e,n,s
A,t,h,e,n,s
A,t,h,e,n,s
A,t,h,e,n,s
A,t,h,e,n,s
A,t,h,e,n,s
A,t,h,e,n,s
A,t,h,e,n,s
A,t,h,e,n,s
A,t,h,e,n,s
A,t,h,e,n,s
A,t,h,e,n,s
A,t,h,e,n,s
A,t,h,e,n,s
A,t,h,e,n,s
A,t,h,e,n,s
A,t,h,e,n,s
A,t,h,e,n,s
A,t,h,e,n,s
A,t,h,e,n,s
A,t,h,e,n,s
A,t,h,e,n,s
A,t,h,e,n,s
A,t,h,e,n,s
A,t,h,e,n,s
A,t,h,e,n,s
A,t,h,e,n,s
A,t,h,e,n,s
A,t,h,e,n,s
A,t,h,e,n,s
A,t,h,e,n,s
A,t,h,e,n,s
A,t,h,e,n,s
A,t,h,e,n,s
A,t,h,e,n,s
A,t,h,e,n,s
A,t,h,e,n,s
A,t,h,e,n,s
A,t,h,e,n,s
A,t,h,e,n,s
A,t,h,e,n,s
A,t,h,e,n,s
A,t,h,e,n,s
A,t,h,e,n,s
A,t,h,e,n,s
A,t,h,e,n,s
A,t,h,e,n,s
A,t,h,e,n,s
A,t,h,e,n,s
A,t,h,e,n,s
A,t,h,e,n,s
A,t,h,e,n,s
A,t,h,e,n,s
A,t,h,e,n,s
A,t,h,e,n,s
A,t,h,e,n,s
A,t,h,e,n,s
A,t,h,e,n,s
A,t,h,e,n,s
A,t,h,e,n,s
A,t,h,e,n,s
A,t,h,e,n,s
A,t,h,e,n,s
A,t,h,e,n,s
A,t,h,e,n,s
A,t,h,e,n,s
A,t,h,e,n,s
A,t,h,e,n,s
A,t,h,e,n,s
A,t,h,e,n,s
A,t,h,e,n,s
A,t,h,e,n,s
A,t,h,e,n,s
A,t,h,e,n,s
A,t,h,e,n,s
A,t,h,e,n,s
A,t,h,e,n,s
A,t,h,e,n,s
A,t,h,e,n,s
A,t,h,e,n,s
A,t,h,e,n,s
A,t,h,e,n,s
A,t,h,e,n,s
A,t,h,e,n,s
A,t,h,e,n,s
A,t,h,e,n,s
A,t,h,e,n,s
A,t,h,e,n,s
A,t,h,e,n,s
A,t,h,e,n,s
A,t,h,e,n,s
A,t,h,e,n,s
A,t,h,e,n,s
A,t,h,e,n,s
A,t,h,e,n,s
A,t,h,e,n,s
A,t,h,e,n,s
A,t,h,e,n,s
A,t,h,e,n,s
A,t,h,e,n,s
A,t,h,e,n,s
A,t,h,e,n,s
A,t,h,e,n,s
A,t,h,e,n,s
A,t,h,e,n,s
A,t,h,e,n,s
A,t,h,e,n,s
A,t,h,e,n,s
A,t,h,e,n,s
A,t,h,e,n,s
A,t,h,e,n,s
A,t,h,e,n,s
A,t,h,e,n,s
A,t,h,e,n,s
A,t,h,e,n,s
A,t,h,e,n,s
A,t,h,e,n,s
A,t,h,e,n,s
A,t,h,e,n,s
A,t,h,e,n,s
A,t,h,e,n,s
A,t,h,e,n,s
A,t,h,e,n,s
A,t,h,e,n,s
A,t,h,e,n,s
A,t,h,e,n,s
A,t,h,e,n,s
A,t,h,e,n,s
A,t,h,e,n,s
A,t,h,e,n,s
A,t,h,e,n,s
A,t,h,e,n,s
A,t,h,e,n,s
A,t,h,e,n,s
A,t,h,e,n,s
A,t,h,e,n,s
A,t,h,e,n,s
A,t,h,e,n,s
A,t,h,e,n,s
A,t,h,e,n,s
A,t,h,e,n,s
A,t,h,e,n,s
A,t,h,e,n,s
A,t,h,e,n,s
A,t,h,e,n,s
A,t,h,e,n,s
A,t,h,e,n,s
A,t,h,e,n,s
A,t,h,e,n,s
A,t,h,e,n,s
A,t,h,e,n,s
A,t,h,e,n,s
A,t,h,e,n,s
A,t,h,e,n,s
A,t,h,e,n,s
A,t,h,e,n,s
A,t,h,e,n,s
A,t,h,e,n,s
A,t,h,e,n,s
A,t,h,e,n,s
A,t,h,e,n,s
A,t,h,e,n,s
A,t,h,e,n,s
A,t,h,e,n,s
A,t,h,e,n,s
A,t,h,e,n,s
A,t,h,e,n,s
A,t,h,e,n,s
A,t,h,e,n,s
A,t,h,e,n,s
A,t,h,e,n,s
A,t,h,e,n,s
A,t,h,e,n,s
A,t,h,e,n,s
A,t,h,e,n,s
A,t,h,e,n,s
A,t,h,e,n,s
A,t,h,e,n,s
A,t,h,e,n,s
A,t,h,e,n,s
A,t,h,e,n,s
A,t,h,e,n,s
A,t,h,e,n,s
A,t,h,e,n,s
A,t,h,e,n,s
A,t,h,e,n,s
A,t,h,e,n,s
A,t,h,e,n,s
A,t,h,e,n,s
A,t,h,e,n,s
A,t,h,e,n,s
A,t,h,e,n,s
A,t,h,e,n,s
A,t,h,e,n,s
A,t,h,e,n,s
A,t,h,e,n,s
A,t,h,e,n,s
A,t,h,e,n,s
A,t,h,e,n,s
A,t,h,e,n,s
A,t,h,e,n,s
A,t,h,e,n,s
A,t,h,e,n,s
A,t,h,e,n,s
A,t,h,e,n,s
A,t,h,e,n,s
A,t,h,e,n,s
A,t,h,e,n,s
A,t,h,e,n,s
A,t,h,e,n,s
A,t,h,e,n,s
A,t,h,e,n,s
A,t,h,e,n,s
A,t,h,e,n,s
A,t,h,e,n,s
A,t,h,e,n,s
A,t,h,e,n,s
A,t,h,e,n,s
A,t,h,e,n,s
A,t,h,e,n,s
A,t,h,e,n,s
A,t,h,e,n,s
A,t,h,e,n,s
A,t,h,e,n,s
A,t,h,e,n,s
A,t,h,e,n,s
A,t,h,e,n,s
A,t,h,e,n,s
A,t,h,e,n,s
A,t,h,e,n,s
A,t,h,e,n,s
A,t,h,e,n,s
A,t,h,e,n,s
A,t,h,e,n,s
A,t,h,e,n,s
A,t,h,e,n,s
A,t,h,e,n,s
A,t,h,e,n,s
A,t,h,e,n,s
A,t,h,e,n,s
A,t,h,e,n,s
A,t,h,e,n,s
A,t,h,e,n,s
A,t,h,e,n,s
A,t,h,e,n,s
A,t,h,e,n,s
A,t,h,e,n,s
A,t,h,e,n,s
A,t,h,e,n,s
A,t,h,e,n,s
A,t,h,e,n,s
A,t,h,e,n,s
A,t,h,e,n,s
A,t,h,e,n,s
A,t,h,e,n,s
A,t,h,e,n,s
A,t,h,e,n,s
A,t,h,e,n,s
A,t,h,e,n,s
A,t,h,e,n,s
A,t,h,e,n,s
A,t,h,e,n,s
A,t,h,e,n,s
A,t,h,e,n,s
A,t,h,e,n,s
A,t,h,e,n,s
A,t,h,e,n,s
A,t,h,e,n,s
A,t,h,e,n,s
A,t,h,e,n,s
A,t,h,e,n,s
A,t,h,e,n,s
A,t,h,e,n,s
A,t,h,e,n,s
A,t,h,e,n,s
A,t,h,e,n,s
A,t,h,e,n,s
A,t,h,e,n,s
A,t,h,e,n,s
A,t,h,e,n,s
A,t,h,e,n,s
A,t,h,e,n,s
A,t,h,e,n,s
A,t,h,e,n,s
A,t,h,e,n,s
A,t,h,e,n,s
A,t,h,e,n,s
A,t,h,e,n,s
A,t,h,e,n,s
A,t,h,e,n,s
A,t,h,e,n,s
A,t,h,e,n,s
A,t,h,e,n,s
A,t,h,e,n,s
A,t,h,e,n,s
A,t,h,e,n,s
A,t,h,e,n,s
A,t,h,e,n,s
A,t,h,e,n,s
A,t,h,e,n,s
A,t,h,e,n,s
A,t,h,e,n,s
A,t,h,e,n,s
A,t,h,e,n,s
A,t,h,e,n,s
A,t,h,e,n,s
A,t,h,e,n,s
A,t,h,e,n,s
A,t,h,e,n,s
A,t,h,e,n,s
A,t,h,e,n,s
A,t,h,e,n,s
A,t,h,e,n,s
A,t,h,e,n,s
A,t,h,e,n,s
A,t,h,e,n,s
A,t,h,e,n,s
A,t,h,e,n,s
A,t,h,e,n,s
A,t,h,e,n,s
A,t,h,e,n,s
A,t,h,e,n,s
A,t,h,e,n,s
A,t,h,e,n,s
A,t,h,e,n,s
A,t,h,e,n,s
A,t,h,e,n,s
A,t,h,e,n,s
A,t,h,e,n,s
A,t,h,e,n,s
A,t,h,e,n,s
A,t,h,e,n,s
A,t,h,e,n,s
A,t,h,e,n,s
A,t,h,e,n,s
A,t,h,e,n,s
A,t,h,e,n,s
A,t,h,e,n,s
A,t,h,e,n,s
A,t,h,e,n,s
A,t,h,e,n,s
A,t,h,e,n,s
A,t,h,e,n,s
A,t,h,e,n,s
A,t,h,e,n,s
A,t,h,e,n,s
A,t,h,e,n,s
A,t,h,e,n,s
A,t,h,e,n,s
A,t,h,e,n,s
A,t,h,e,n,s
A,t,h,e,n,s
A,t,h,e,n,s
A,t,h,e,n,s
A,t,h,e,n,s
A,t,h,e,n,s
A,t,h,e,n,s
A,t,h,e,n,s
A,t,h,e,n,s
A,t,h,e,n,s
A,t,h,e,n,s
A,t,h,e,n,s
A,t,h,e,n,s
A,t,h,e,n,s
A,t,h,e,n,s
A,t,h,e,n,s
A,t,h,e,n,s
A,t,h,e,n,s
A,t,h,e,n,s
A,t,h,e,n,s
A,t,h,e,n,s
A,t,h,e,n,s
A,t,h,e,n,s
A,t,h,e,n,s
A,t,h,e,n,s
A,t,h,e,n,s
A,t,h,e,n,s
A,t,h,e,n,s
A,t,h,e,n,s
A,t,h,e,n,s
A,t,h,e,n,s
A,t,h,e,n,s
A,t,h,e,n,s
A,t,h,e,n,s
A,t,h,e,n,s
A,t,h,e,n,s
A,t,h,e,n,s
A,t,h,e,n,s
A,t,h,e,n,s
A,t,h,e,n,s
A,t,h,e,n,s
A,t,h,e,n,s
A,t,h,e,n,s
A,t,h,e,n,s
A,t,h,e,n,s
A,t,h,e,n,s
A,t,h,e,n,s
A,t,h,e,n,s
A,t,h,e,n,s
A,t,h,e,n,s
A,t,h,e,n,s
A,t,h,e,n,s
A,t,h,e,n,s
A,t,h,e,n,s
A,t,h,e,n,s
A,t,h,e,n,s
A,t,h,e,n,s
A,t,h,e,n,s
A,t,h,e,n,s
A,t,h,e,n,s
A,t,h,e,n,s
A,t,h,e,n,s
A,t,h,e,n,s
A,t,h,e,n,s
A,t,h,e,n,s
A,t,h,e,n,s
A,t,h,e,n,s
A,t,h,e,n,s
A,t,h,e,n,s
A,t,h,e,n,s
A,t,h,e,n,s
A,t,h,e,n,s
A,t,h,e,n,s
A,t,h,e,n,s
A,t,h,e,n,s
A,t,h,e,n,s
A,t,h,e,n,s
A,t,h,e,n,s
A,t,h,e,n,s
A,t,h,e,n,s
A,t,h,e,n,s
A,t,h,e,n,s
A,t,h,e,n,s
A,t,h,e,n,s
A,t,h,e,n,s
A,t,h,e,n,s
A,t,h,e,n,s
A,t,h,e,n,s
A,t,h,e,n,s
A,t,h,e,n,s
A,t,h,e,n,s
A,t,h,e,n,s
A,t,h,e,n,s
A,t,h,e,n,s
A,t,h,e,n,s
A,t,h,e,n,s
A,t,h,e,n,s
A,t,h,e,n,s
A,t,h,e,n,s
A,t,h,e,n,s
A,t,h,e,n,s
A,t,h,e,n,s
A,t,h,e,n,s
A,t,h,e,n,s
A,t,h,e,n,s
A,t,h,e,n,s
A,t,h,e,n,s
A,t,h,e,n,s
A,t,h,e,n,s
A,t,h,e,n,s
A,t,h,e,n,s
A,t,h,e,n,s
A,t,h,e,n,s
A,t,h,e,n,s
A,t,h,e,n,s
A,t,h,e,n,s
A,t,h,e,n,s
A,t,h,e,n,s
A,t,h,e,n,s
A,t,h,e,n,s
A,t,h,e,n,s
A,t,h,e,n,s
A,t,h,e,n,s
A,t,h,e,n,s
A,t,h,e,n,s
A,t,h,e,n,s
A,t,h,e,n,s
A,t,h,e,n,s
A,t,h,e,n,s
A,t,h,e,n,s
A,t,h,e,n,s
A,t,h,e,n,s
A,t,h,e,n,s
A,t,h,e,n,s
A,t,h,e,n,s
A,t,h,e,n,s
A,t,h,e,n,s
A,t,h,e,n,s
A,t,h,e,n,s
A,t,h,e,n,s
A,t,h,e,n,s
A,t,h,e,n,s
A,t,h,e,n,s
A,t,h,e,n,s
A,t,h,e,n,s
A,t,h,e,n,s
A,t,h,e,n,s
A,t,h,e,n,s
A,t,h,e,n,s
A,t,h,e,n,s
A,t,h,e,n,s
A,t,h,e,n,s
A,t,h,e,n,s
A,t,h,e,n,s
A,t,h,e,n,s
A,t,h,e,n,s
A,t,h,e,n,s
A,t,h,e,n,s
A,t,h,e,n,s
A,t,h,e,n,s
A,t,h,e,n,s
A,t,h,e,n,s
A,t,h,e,n,s
A,t,h,e,n,s
A,t,h,e,n,s
A,t,h,e,n,s
A,t,h,e,n,s
A,t,h,e,n,s
A,t,h,e,n,s
A,t,h,e,n,s
A,t,h,e,n,s
A,t,h,e,n,s
A,t,h,e,n,s
A,t,h,e,n,s
A,t,h,e,n,s
A,t,h,e,n,s
A,t,h,e,n,s
A,t,h,e,n,s
A,t,h,e,n,s
A,t,h,e,n,s
A,t,h,e,n,s
A,t,h,e,n,s
A,t,h,e,n,s
A,t,h,e,n,s
A,t,h,e,n,s
A,t,h,e,n,s
A,t,h,e,n,s
A,t,h,e,n,s
A,t,h,e,n,s
A,t,h,e,n,s
A,t,h,e,n,s
A,t,h,e,n,s
A,t,h,e,n,s
A,t,h,e,n,s
A,t,h,e,n,s
A,t,h,e,n,s
A,t,h,e,n,s
A,t,h,e,n,s
A,t,h,e,n,s
A,t,h,e,n,s
A,t,h,e,n,s
A,t,h,e,n,s
A,t,h,e,n,s
A,t,h,e,n,s
A,t,h,e,n,s
A,t,h,e,n,s
A,t,h,e,n,s
A,t,h,e,n,s
A,t,h,e,n,s
A,t,h,e,n,s
A,t,h,e,n,s
A,t,h,e,n,s
A,t,h,e,n,s
A,t,h,e,n,s
A,t,h,e,n,s
A,t,h,e,n,s
A,t,h,e,n,s
A,t,h,e,n,s
A,t,h,e,n,s
A,t,h,e,n,s
A,t,h,e,n,s
A,t,h,e,n,s
A,t,h,e,n,s
A,t,h,e,n,s
A,t,h,e,n,s
A,t,h,e,n,s
A,t,h,e,n,s
A,t,h,e,n,s
A,t,h,e,n,s
A,t,h,e,n,s
A,t,h,e,n,s
A,t,h,e,n,s
A,t,h,e,n,s
A,t,h,e,n,s
A,t,h,e,n,s
A,t,h,e,n,s
A,t,h,e,n,s
A,t,h,e,n,s
A,t,h,e,n,s
A,t,h,e,n,s
A,t,h,e,n,s
A,t,h,e,n,s
A,t,h,e,n,s
A,t,h,e,n,s
A,t,h,e,n,s
A,t,h,e,n,s
A,t,h,e,n,s
A,t,h,e,n,s
A,t,h,e,n,s
A,t,h,e,n,s
A,t,h,e,n,s
A,t,h,e,n,s
A,t,h,e,n,s
A,t,h,e,n,s
A,t,h,e,n,s
A,t,h,e,n,s
A,t,h,e,n,s
A,t,h,e,n,s
A,t,h,e,n,s
A,t,h,e,n,s
A,t,h,e,n,s
A,t,h,e,n,s
A,t,h,e,n,s
A,t,h,e,n,s
A,t,h,e,n,s
A,t,h,e,n,s
A,t,h,e,n,s
A,t,h,e,n,s
A,t,h,e,n,s
A,t,h,e,n,s
A,t,h,e,n,s
A,t,h,e,n,s
A,t,h,e,n,s
A,t,h,e,n,s
A,t,h,e,n,s
A,t,h,e,n,s
A,t,h,e,n,s
A,t,h,e,n,s
A,t,h,e,n,s
A,t,h,e,n,s
A,t,h,e,n,s
A,t,h,e,n,s
A,t,h,e,n,s
A,t,h,e,n,s
A,t,h,e,n,s
A,t,h,e,n,s
A,t,h,e,n,s
A,t,h,e,n,s
A,t,h,e,n,s
A,t,h,e,n,s
A,t,h,e,n,s
A,t,h,e,n,s
A,t,h,e,n,s
A,t,h,e,n,s
A,t,h,e,n,s
A,t,h,e,n,s
A,t,h,e,n,s
A,t,h,e,n,s
A,t,h,e,n,s
A,t,h,e,n,s
A,t,h,e,n,s
A,t,h,e,n,s
A,t,h,e,n,s
A,t,h,e,n,s
A,t,h,e,n,s
A,t,h,e,n,s
A,t,h,e,n,s
A,t,h,e,n,s
A,t,h,e,n,s
A,t,h,e,n,s
A,t,h,e,n,s
A,t,h,e,n,s
A,t,h,e,n,s
A,t,h,e,n,s
A,t,h,e,n,s
A,t,h,e,n,s
A,t,h,e,n,s
A,t,h,e,n,s
A,t,h,e,n,s
A,t,h,e,n,s
A,t,h,e,n,s
A,t,h,e,n,s
A,t,h,e,n,s
A,t,h,e,n,s
A,t,h,e,n,s
A,t,h,e,n,s
A,t,h,e,n,s
A,t,h,e,n,s
A,t,h,e,n,s
A,t,h,e,n,s
A,t,h,e,n,s
A,t,h,e,n,s
A,t,h,e,n,s
A,t,h,e,n,s
A,t,h,e,n,s
A,t,h,e,n,s
A,t,h,e,n,s
A,t,h,e,n,s
A,t,h,e,n,s
A,t,h,e,n,s
A,t,h,e,n,s
A,t,h,e,n,s
A,t,h,e,n,s
A,t,h,e,n,s
A,t,h,e,n,s
A,t,h,e,n,s
A,t,h,e,n,s
A,t,h,e,n,s
A,t,h,e,n,s
A,t,h,e,n,s
A,t,h,e,n,s
A,t,h,e,n,s
A,t,h,e,n,s
A,t,h,e,n,s
A,t,h,e,n,s
A,t,h,e,n,s
A,t,h,e,n,s
A,t,h,e,n,s
A,t,h,e,n,s
A,t,h,e,n,s
A,t,h,e,n,s
A,t,h,e,n,s
A,t,h,e,n,s
A,t,h,e,n,s
A,t,h,e,n,s
A,t,h,e,n,s
A,t,h,e,n,s
A,t,h,e,n,s
A,t,h,e,n,s
A,t,h,e,n,s
A,t,h,e,n,s
A,t,h,e,n,s
A,t,h,e,n,s
A,t,h,e,n,s
A,t,h,e,n,s
A,t,h,e,n,s
A,t,h,e,n,s
A,t,h,e,n,s
A,t,h,e,n,s
A,t,h,e,n,s
A,t,h,e,n,s
A,t,h,e,n,s
A,t,h,e,n,s
A,t,h,e,n,s
A,t,h,e,n,s
A,t,h,e,n,s
A,t,h,e,n,s
A,t,h,e,n,s
A,t,h,e,n,s
A,t,h,e,n,s
A,t,h,e,n,s
A,t,h,e,n,s
A,t,h,e,n,s
A,t,h,e,n,s
A,t,h,e,n,s
A,t,h,e,n,s
A,t,h,e,n,s
A,t,h,e,n,s
A,t,h,e,n,s
A,t,h,e,n,s
A,t,h,e,n,s
A,t,h,e,n,s
A,t,h,e,n,s
A,t,h,e,n,s
A,t,h,e,n,s
A,t,h,e,n,s
A,t,h,e,n,s
A,t,h,e,n,s
A,t,h,e,n,s
A,t,h,e,n,s
A,t,h,e,n,s
A,t,h,e,n,s
A,t,h,e,n,s
A,t,h,e,n,s
A,t,h,e,n,s
A,t,h,e,n,s
A,t,h,e,n,s
A,t,h,e,n,s
A,t,h,e,n,s
A,t,h,e,n,s
A,t,h,e,n,s
A,t,h,e,n,s
A,t,h,e,n,s
A,t,h,e,n,s
A,t,h,e,n,s
A,t,h,e,n,s
A,t,h,e,n,s
A,t,h,e,n,s
A,t,h,e,n,s
A,t,h,e,n,s
A,t,h,e,n,s
A,t,h,e,n,s
A,t,h,e,n,s
A,t,h,e,n,s
A,t,h,e,n,s
A,t,h,e,n,s
A,t,h,e,n,s
A,t,h,e,n,s
A,t,h,e,n,s
A,t,h,e,n,s
A,t,h,e,n,s
A,t,h,e,n,s
A,t,h,e,n,s
A,t,h,e,n,s
A,t,h,e,n,s
A,t,h,e,n,s
A,t,h,e,n,s
A,t,h,e,n,s
A,t,h,e,n,s
A,t,h,e,n,s
A,t,h,e,n,s
A,t,h,e,n,s
A,t,h,e,n,s
A,t,h,e,n,s
A,t,h,e,n,s
A,t,h,e,n,s
A,t,h,e,n,s
A,t,h,e,n,s
A,t,h,e,n,s
A,t,h,e,n,s
A,t,h,e,n,s
A,t,h,e,n,s
A,t,h,e,n,s
A,t,h,e,n,s
A,t,h,e,n,s
A,t,h,e,n,s
A,t,h,e,n,s
A,t,h,e,n,s
A,t,h,e,n,s
A,t,h,e,n,s
A,t,h,e,n,s
A,t,h,e,n,s
A,t,h,e,n,s
A,t,h,e,n,s
A,t,h,e,n,s
A,t,h,e,n,s
A,t,h,e,n,s
A,t,h,e,n,s
A,t,h,e,n,s
A,t,h,e,n,s
A,t,h,e,n,s
A,t,h,e,n,s
A,t,h,e,n,s
A,t,h,e,n,s
A,t,h,e,n,s
A,t,h,e,n,s
A,t,h,e,n,s
A,t,h,e,n,s
A,t,h,e,n,s
A,t,h,e,n,s
A,t,h,e,n,s
A,t,h,e,n,s
A,t,h,e,n,s
A,t,h,e,n,s
A,t,h,e,n,s
A,t,h,e,n,s
A,t,h,e,n,s
A,t,h,e,n,s
A,t,h,e,n,s
A,t,h,e,n,s
A,t,h,e,n,s
A,t,h,e,n,s
A,t,h,e,n,s
A,t,h,e,n,s
A,t,h,e,n,s
A,t,h,e,n,s
A,t,h,e,n,s
A,t,h,e,n,s
A,t,h,e,n,s
A,t,h,e,n,s
A,t,h,e,n,s
A,t,h,e,n,s
A,t,h,e,n,s
A,t,h,e,n,s
A,t,h,e,n,s
A,t,h,e,n,s
A,t,h,e,n,s
A,t,h,e,n,s
A,t,h,e,n,s
A,t,h,e,n,s
A,t,h,e,n,s
A,t,h,e,n,s
A,t,h,e,n,s
A,t,h,e,n,s
A,t,h,e,n,s
A,t,h,e,n,s
A,t,h,e,n,s
A,t,h,e,n,s
A,t,h,e,n,s
A,t,h,e,n,s
A,t,h,e,n,s
A,t,h,e,n,s
A,t,h,e,n,s
A,t,h,e,n,s
A,t,h,e,n,s
A,t,h,e,n,s
A,t,h,e,n,s
A,t,h,e,n,s
A,t,h,e,n,s
A,t,h,e,n,s
A,t,h,e,n,s
A,t,h,e,n,s
A,t,h,e,n,s
A,t,h,e,n,s
A,t,h,e,n,s
A,t,h,e,n,s
A,t,h,e,n,s
A,t,h,e,n,s
A,t,h,e,n,s
A,t,h,e,n,s
A,t,h,e,n,s
A,t,h,e,n,s
A,t,h,e,n,s
A,t,h,e,n,s
A,t,h,e,n,s
A,t,h,e,n,s
A,t,h,e,n,s
A,t,h,e,n,s
A,t,h,e,n,s
A,t,h,e,n,s
A,t,h,e,n,s
A,t,h,e,n,s
A,t,h,e,n,s
A,t,h,e,n,s
A,t,h,e,n,s
A,t,h,e,n,s
A,t,h,e,n,s
A,t,h,e,n,s
A,t,h,e,n,s
A,t,h,e,n,s
A,t,h,e,n,s
A,t,h,e,n,s
A,t,h,e,n,s
A,t,h,e,n,s
A,t,h,e,n,s
A,t,h,e,n,s
A,t,h,e,n,s
A,t,h,e,n,s
A,t,h,e,n,s
A,t,h,e,n,s
A,t,h,e,n,s
A,t,h,e,n,s
A,t,h,e,n,s
A,t,h,e,n,s
A,t,h,e,n,s
A,t,h,e,n,s
A,t,h,e,n,s
A,t,h,e,n,s
A,t,h,e,n,s
A,t,h,e,n,s
A,t,h,e,n,s
A,t,h,e,n,s
A,t,h,e,n,s
A,t,h,e,n,s
A,t,h,e,n,s
A,t,h,e,n,s
A,t,h,e,n,s
A,t,h,e,n,s
A,t,h,e,n,s
A,t,h,e,n,s
A,t,h,e,n,s
A,t,h,e,n,s
A,t,h,e,n,s
A,t,h,e,n,s
A,t,h,e,n,s
